competition,comp_url,date,location,competition_subtype,competition_type,promoter
2025 1 BRO BIKINI PRO SHOW,https://www.ifbbpro.com/competition/2025-1-bro-bikini-pro-show/,Apr 19,United Kingdom,OPEN,"[""Women's Bikini""]",2 Bros Pros
2025 ACE OF STAGE PRO,https://www.ifbbpro.com/competition/2025-ace-of-stage-pro/,Oct 4,"Las Vegas, NV",OPEN + MASTERS 40/45/50,"[""Men's Physique""]",Patrick Sampson
2025 ADELA GARCIA CLASSIC PRO,https://www.ifbbpro.com/competition/2025-adela-garcia-classic-pro-am/,Jun 7,"Austin, TX",OPEN + MASTERS 40,"[""Women's Fitness""]",Adela Garcia
2025 AFRICAN PRO,https://champagneproductionsafrica.com/,Dec 6-7,"Johannesburg, South Africa",,"[""Men's Wheelchair""]",Champagne Productions
2025 AGP KOREA PRO SHOW,https://www.ifbbpro.com/competition/2025-agp-pro-show/,May 25,"Gyeonggi State, South Korea",OPEN,"[""Men's Classic Physique"", ""Women's Bikini"", ""Men's Physique""]",Alex Hong
2025 AGP PRO SHOW,https://www.ifbbpro.com/competition/2025-agp-pro-show-2/,Oct 5,South Korea,OPEN,"[""Women's Bikini"", ""Women's Wellness"", ""Women's Figure"", ""Men's 212 Bodybuilding"", ""Men's Classic Physique"", ""Men's Physique""]",Alex Hong
2025 ALINA POPA CLASSIC PRO,https://www.ifbbpro.com/competition/2025-alina-popa-classic-pro/,Aug 31,"Bucharest, Romania",OPEN,"[""Women's Bodybuilding""]",Alina Popa
2025 ALL SOUTH PRO CHAMPIONSHIPS,https://www.ifbbpro.com/competition/2025-all-south-pro-championships/,Nov 1,"Orlando, FL",OPEN + MASTERS 35/40/45,"[""Women's Wellness""]",ceo@bombshellfitness.com
2025 ARGENTINA PRO,,Sep 14,Argentina,OPEN,"[""Men's Physique""]",Fernando Loreiro
2025 ARNOLD CLASSIC,https://www.ifbbpro.com/competition/2025-arnold-classic/,Feb 27 - Mar 2,"Columbus, OH",OPEN,"[""Men's Bodybuilding"", ""Women's Bikini"", ""Women's Wellness"", ""Women's Fitness"", ""Men's Classic Physique"", ""Men's Wheelchair"", ""Men's Physique""]",Lloyd Davis
2025 ARNOLD SPORTS FESTIVAL SOUTH AMERICA,https://www.ifbbpro.com/competition/2025-arnold-sports-festival-south-america/,Apr 4-6,"Sao Paulo, Brazil",OPEN,"[""Men's Bodybuilding"", ""Men's Wheelchair""]",Tamer El Guindy
2025 ATLANTIC COAST PRO,https://www.ifbbpro.com/competition/2025-atlantic-coast-pro/,Nov 15-16,"Fort Lauderdale, FL",OPEN + MASTERS 40/45/50/55/60,"[""Men's Classic Physique"", ""Women's Bikini"", ""Men's Physique"", ""Women's Figure""]",Tim Gardner
2025 AUSTRIAN OAK PRO,https://www.ifbbpro.com/competition/2025-austrian-oak-pro/,Aug 24,"St. Polten, Austria",OPEN,"[""Men's Classic Physique"", ""Women's Wellness""]",Harald Schober
2025 BALKAN GRAND PRIX PRO,https://www.ifbbpro.com/competition/2025-balkan-grand-prix-pro/,Oct 4,"Sofia, Bulgaria",OPEN,"[""Women's Figure"", ""Women's Wellness"", ""Men's 212 Bodybuilding""]",Martin Rusanov
2025 BATTLE OF THE BODIES PRO,https://www.ifbbpro.com/competition/2025-battle-of-the-bodies/,Apr 12,"Tulsa, OK",OPEN + MASTERS 35/40/45/50/60,"[""Women's Figure""]",Eileen Calabrese
2025 BATTLE ON THE BAY PRO,,Dec 6,"Union City, CA",OPEN,"[""Women's Bikini""]",Ted Williamson
2025 BODY BE 1 CLASSIC PRO,https://www.ifbbpro.com/competition/2025-body-be-1-classic-pro-am/,Jun 21,"Montgomery, AL",OPEN + MASTERS 40/50,"[""Men's Classic Physique"", ""Women's Fitness"", ""Men's Physique"", ""Women's Figure""]",Roland Huff
2025 BORDER STATES PRO,,Oct 25,"San Diego, CA",OPEN,"[""Men's Physique""]",Tamer El Guindy
2025 BRITISH GRAND PRIX PRO,https://www.ifbbpro.com/competition/2025-british-grand-prix-pro/,Oct 18,"Bradford, United Kingdom",OPEN,"[""Men's Bodybuilding""]",2 Bros Pros
2025 CALIFORNIA STATE PRO,https://www.ifbbpro.com/competition/2025-california-state-championships/,May 24,"Anaheim, CA",OPEN,"[""Men's Bodybuilding""]",Tamer El Guindy
2025 CALIFORNIA SUPPLEMENT SPAIN PRO,https://www.ifbbpro.com/competition/2025-california-supplement-spain-pro/,May 4,"Alicante, Spain",OPEN,"[""Men's Classic Physique"", ""Women's Bikini""]",Emilio Martinez
2025 CHARLOTTE PRO,https://www.ifbbpro.com/competition/2025-charlotte-pro/,Apr 12,"Charlotte, NC",OPEN + MASTERS 35/40/45/50/55,"[""Women's Bikini"", ""Men's Physique""]",Johnny Stewart
2025 CHATTANOOGA NIGHT OF CHAMPIONS PRO,https://www.ifbbpro.com/competition/2025-chattanooga-night-of-champions-pro/,Nov 8,"Chattanooga, TN",OPEN,"[""Women's Fitness""]",Allen Sizemore
2025 CHICAGO PRO,https://www.ifbbpro.com/competition/2025-chicago-pro/,Jul 18-19,"Rosemont, IL",OPEN + MASTERS 40/45/50/55/60,"[""Men's Bodybuilding"", ""Women's Bikini"", ""Women's Figure"", ""Women's Physique"", ""Men's 212 Bodybuilding"", ""Women's Bodybuilding"", ""Men's Classic Physique"", ""Men's Physique""]",Tim Gardner
2025 CHINA DMS PRO,https://www.ifbbpro.com/competition/2025-dms-china-pro/,Mar 30,"Shanghai, China",OPEN,"[""Men's Classic Physique"", ""Women's Bikini"", ""Men's Physique"", ""Women's Figure""]",DMS
2025 DAYTONA PRO/AM CHAMPIONSHIPS,https://www.ifbbpro.com/competition/2025-daytona-pro-am-championships/,Sep 27-28,"Daytona Beach, FL",OPEN + MASTERS 35/40/50/60,"[""Women's Bikini"", ""Men's Physique""]",Michael Matassa
2025 DC PRO,https://www.ifbbpro.com/competition/2025-dc-pro-am/,Jun 7,"Manassas, VA",OPEN,"[""Women's Bikini"", ""Men's Physique""]",Gary Udit
2025 DETROIT PRO,https://www.ifbbpro.com/competition/2025-detroit-pro-am/,Mar 29,"Dearborn, MI",OPEN,"[""Men's Bodybuilding"", ""Men's Classic Physique""]",Fouad Abiad
2025 DOMINICAN REPUBLIC PRO,,Sep 21,Dominican Republic,OPEN,"[""Women's Bikini"", ""Women's Wellness"", ""Women's Figure"", ""Men's Classic Physique"", ""Men's Physique""]",Maz Ali & Tamer El Guindy
2025 DUBAI PRO,https://www.ifbbpro.com/competition/2025-dubai-pro/,Jun 20-22,"Dubai, United Arab Emirates",OPEN,"[""Men's Bodybuilding"", ""Men's Classic Physique"", ""Men's 212 Bodybuilding"", ""Men's Physique""]",Mo Barakat & Adel Al Ali
2025 EAST COAST PRO,,Nov 1,"Wayne, NJ",OPEN,"[""Women's Bikini"", ""Men's Physique""]",Maz Ali
2025 EMPRO CLASSIC,https://www.ifbbpro.com/competition/2025-empro-classic/,Jun 15,"Alicante, Spain",OPEN,"[""Men's Bodybuilding"", ""Women's Bikini"", ""Women's Wellness"", ""Women's Figure"", ""Women's Physique"", ""Women's Bodybuilding"", ""Men's Classic Physique"", ""Men's Wheelchair"", ""Men's Physique""]",Emilio Martinez
2025 EURO MUSCLE PRO SHOW,,Jul 12-13,"Amsterdam, Netherlands",OPEN,"[""Women's Bikini"", ""Women's Wellness"", ""Women's Figure"", ""Men's 212 Bodybuilding"", ""Men's Classic Physique"", ""Men's Physique""]",Liona Bergmann
2025 EUROPEAN PRO CHAMPIONSHIPS,,Sep 13-14,Germany,OPEN,"[""Men's Bodybuilding"", ""Women's Bikini"", ""Women's Wellness"", ""Women's Figure"", ""Women's Physique"", ""Women's Bodybuilding"", ""Men's Classic Physique"", ""Men's Physique""]",Dennis James
2025 EVEREST MUSCLE GAMES POLAND PRO,https://www.ifbbpro.com/competition/2025-everest-muscle-games-poland-pro/,May 25,"Warsaw, Poland",OPEN,"[""Men's Classic Physique"", ""Women's Wellness"", ""Women's Bikini"", ""Men's Physique""]",Robert Piotrkowicz
2025 EVEREST MUSCLE STARS POLAND PRO,https://www.ifbbpro.com/competition/2025-everest-muscle-stars-poland-pro/,Nov 1-2,"Warsaw, Poland",OPEN,"[""Men's Bodybuilding""]",Robert Piotrkowicz
2025 EVLS PRAGUE PRO,https://www.ifbbpro.com/competition/2025-evls-prague-pro/,Oct 26,"Prague, Czech Republic",OPEN,"[""Men's Bodybuilding"", ""Women's Bikini"", ""Women's Wellness"", ""Women's Figure"", ""Men's 212 Bodybuilding"", ""Men's Classic Physique"", ""Men's Physique""]",Adam Kindl
2025 FASHION STREET FITPARADE PRO,https://www.ifbbpro.com/competition/2025-fashion-street-fitparade-hungary-pro/,Oct 19,"Budapest, Hungary",OPEN,"[""Men's Classic Physique"", ""Women's Bikini""]",Ildiko Buranits
2025 FIBO CHAMPIONSHIPS,https://www.ifbbpro.com/competition/2025-fibo-pro-championships/,Apr 11-12,"Cologne, Germany",OPEN,"[""Men's Bodybuilding"", ""Men's Classic Physique"", ""Women's Bikini"", ""Women's Figure""]",Michael Kohler & Jens Thieme
2025 FITWORLD PRO,https://www.ifbbpro.com/competition/2025-fitworld/,Mar 22,"Anaheim, CA",OPEN,"[""Men's Classic Physique""]",Tamer El Guindy
2025 FLEX WEEKEND ITALY PRO,https://www.ifbbpro.com/competition/2025-flex-weekend-italy-pro/,Jun 29,"Milan, Italy",OPEN + MASTERS 40,"[""Men's Bodybuilding"", ""Men's Classic Physique"", ""Men's Physique""]",Barbara Bagnuolo
2025 FLORIDA PRO,https://www.ifbbpro.com/competition/2025-florida-pro/,Sep 5-6,"Sarasota, FL",OPEN + MASTERS 35/40/45/50/55/60/70,"[""Men's Classic Physique"", ""Women's Bikini"", ""Men's Physique"", ""Women's Figure""]",Stacy Taylor
2025 GOMEISA ULTIMATE BATTLE COLOMBIA PRO,https://www.ifbbpro.com/competition/2025-gomeisa-ultimate-battle-pro-medellin-supershow/,Jul 17-20,"Medellin, Colombia",OPEN,"[""Women's Bikini"", ""Women's Wellness"", ""Women's Figure"", ""Men's Classic Physique"", ""Men's Physique""]",Maz Ali
2025 GRL PWR PRO,https://www.ifbbpro.com/competition/2025-grl-pwr-championships/,Apr 26,"Orlando, FL",OPEN + MASTERS 40/50/60,"[""Women's Bikini"", ""Women's Wellness""]",Shannon Dey
2025 HEART OF TEXAS PRO,https://www.ifbbpro.com/competition/2025-heart-of-texas-pro/,Sep 6,"Dallas, TX",,"[""Women's Wellness""]",Prince Harrison
2025 HONG KONG PRO,,Sep 7,Hong Kong,OPEN,"[""Men's Classic Physique"", ""Women's Bikini"", ""Men's Physique""]",Hugo Chan
2025 HUANJI CHINA PRO,https://www.ifbbpro.com/competition/2025-huanji-china-pro-2/,Jun 22,"Beijing, China",OPEN,"[""Men's Bodybuilding"", ""Women's Bikini"", ""Women's Wellness"", ""Women's Figure"", ""Men's 212 Bodybuilding"", ""Men's Classic Physique"", ""Men's Physique""]",George Zhang
2025 HURRICANE PRO,https://www.ifbbpro.com/competition/2025-hurricane-pro/,Oct 18-19,"St.Petersburg, FL",OPEN + MASTERS 40/45/50/55/60,"[""Men's Classic Physique"", ""Women's Bikini"", ""Men's Physique"", ""Women's Figure""]",Tim Gardner
2025 INDY PRO SUPERSHOW,https://www.ifbbpro.com/competition/2025-indy-supershow/,Jun 28,"Carmel, IN",OPEN + MASTERS 40/50/60/70,"[""Men's Classic Physique"", ""Women's Bikini""]",Gary Udit
2025 INVICTUS PRO,https://www.ifbbpro.com/competition/2025-invictus-pro/,Nov 1,"Almaty, Kazakhstan",OPEN,"[""Men's Classic Physique"", ""Women's Wellness"", ""Women's Bikini""]",Chris Minnes
2025 IRON GAMES PRO,,Nov 8,"San Diego, CA",OPEN,"[""Women's Bikini""]",Tamer El Guindy
2025 JANET LAYUG'S BATTLE OF THE BODIES,https://www.ifbbpro.com/competition/2025-janet-layugs-battle-of-the-bodies-pro/,Sep 13,"Fort Lauderdale, FL",OPEN + MASTERS 35/40/50,"[""Women's Bikini""]",Janet Layug
2025 JAPAN PRO,https://www.ifbbpro.com/competition/2025-japan-pro/,Nov 24,"Tokyo, Japan",OPEN,"[""Men's Bodybuilding"", ""Women's Bikini"", ""Women's Wellness"", ""Men's Classic Physique"", ""Men's Physique""]",Takayuki Shoji
2025 KC PRO,,Nov 14,"Kansas City, MO",OPEN,"[""Women's Bikini""]",Jack Titone
2025 KOKENY CLASSIC HUNGARY PRO,https://www.ifbbproleaguehungary.hu/,May 10,"Budapest, Hungary",OPEN,"[""Men's Classic Physique"", ""Men's 212 Bodybuilding"", ""Women's Bikini""]",Ildiko Buranits
2025 KOLOSEUM ITALY PRO,https://www.ifbbpro.com/competition/2025-koloseum-italy-pro/,Oct 5,Italy,OPEN,"[""Men's Classic Physique"", ""Women's Bikini"", ""Men's Physique""]",Barbara Bagnuolo
2025 KOREA PRO,,Jul 12,South Korea,OPEN,"[""Men's 212 Bodybuilding""]",Steve Kim
2025 LEGION SPORTS FEST PRO,https://www.ifbbpro.com/competition/2025-legion-sports-fest/,May 31,"Reno, NV",OPEN,"[""Men's Bodybuilding"", ""Women's Bikini"", ""Women's Wellness"", ""Women's Fitness"", ""Men's Classic Physique"", ""Men's Physique""]",Chris Minnes
2025 LENDA MURRAY ATL PRO SUPERSHOW,https://www.ifbbpro.com/competition/2025-lenda-murray-atl-pro-supershow/,Aug 15-16,"Atlanta, GA",OPEN + MASTERS 40,"[""Women's Bikini"", ""Women's Figure"", ""Women's Fitness"", ""Men's 212 Bodybuilding"", ""Women's Bodybuilding"", ""Men's Classic Physique"", ""Men's Physique""]",Alex Sacasa
2025 LOS ANGELES GRAND PRIX PRO,https://www.ifbbpro.com/competition/2025-los-angles-grand-prix/,Apr 26,"Anaheim, CA",OPEN,"[""Men's Physique""]",Tamer El Guindy
2025 LOS ANGELES PRO CHAMPIONSHIPS,,Jul 19,"Anaheim, CA",OPEN,"[""Women's Bikini""]",Tamer El Guindy
2025 MCI BRAZIL PRO,,Oct 17-19,"Sao Paulo, Brazil",OPEN,"[""Men's Classic Physique"", ""Men's 212 Bodybuilding"", ""Women's Bikini""]",Tamer El Guindy
2025 MEXICO GRAND BATTLE PRO/AM,https://www.ifbbpro.com/competition/2025-mexico-grand-battle-pro-am/,Aug 16-17,"Monterrey, Mexico",OPEN,"[""Women's Bikini"", ""Men's Physique""]",M&M Promotions
2025 MEXICO PRO,,Jul 26-27,Mexico,OPEN,"[""Men's Classic Physique"", ""Women's Wellness""]",Gabriel Velasco
2025 MIAMI PRO,https://www.ifbbpro.com/competition/2025-miami-pro/,May 24,"Miami Beach, FL",OPEN + MASTERS 35/40/45/50/55/60,"[""Women's Bikini"", ""Women's Wellness"", ""Men's Physique""]",Geobanny Paula
2025 MILE HIGH PRO,https://www.ifbbpro.com/competition/2025-mile-high-pro/,Jun 7,"Denver, CO",OPEN + MASTERS 40,"[""Women's Bikini"", ""Men's Physique""]",Jeff Taylor
2025 MOSCOW PRO/AM SHOWDOWN,https://www.ifbbpro.com/competition/2025-moscow-pro-am-showdown/,Oct 25,"Moscow, Russia",OPEN,"[""Men's Classic Physique"", ""Women's Bikini""]",Oksana Grishina
2025 MR BIG EVOLUTION PORTUGAL PRO,https://www.ifbbpro.com/competition/2025-mr-big-evolution-portugal-pro/,Jul 6,"Estoril, Portugal",OPEN,"[""Men's Bodybuilding"", ""Women's Bikini"", ""Women's Wellness"", ""Women's Figure"", ""Women's Physique"", ""Men's 212 Bodybuilding"", ""Women's Bodybuilding"", ""Men's Classic Physique"", ""Men's Physique""]",Mr. Big Evolution
2025 MUSCLECONTEST AUSTRIA PRO,,Dec 13,"Schwechat, Austria",OPEN,"[""Men's Classic Physique""]",Tamer El Guindy
2025 MUSCLECONTEST BRAZIL PRO,,Jul 18-20,"Curitiba, Brazil",OPEN,"[""Men's Classic Physique"", ""Women's Wellness"", ""Men's Physique"", ""Women's Figure""]",Tamer El Guindy
2025 MUSCLECONTEST BULLMAN PRO,https://www.ifbbpro.com/competition/2025-musclecontest-bullman-pro/,May 17,"Dublin, Ireland",OPEN,"[""Men's Classic Physique""]",Tamer El Guindy
2025 MUSCLECONTEST CAMPINAS PRO,https://www.ifbbpro.com/competition/2025-musclecontest-campinas/,Mar 15,"Campinas, Brazil",OPEN,"[""Women's Bikini""]",Tamer El Guindy
2025 MUSCLECONTEST EXPERIENCE PRO,,Aug 22-24,"Fortaleza, Brazil",OPEN,"[""Men's Classic Physique"", ""Men's Physique""]",Tamer El Guindy
2025 MUSCLECONTEST FITPIRA PRO,,Nov 8-9,"Piracicaba, Brazil",OPEN,"[""Men's Classic Physique"", ""Women's Bikini"", ""Men's Physique""]",Tamer El Guindy
2025 MUSCLECONTEST JAPAN PRO,https://www.ifbbpro.com/competition/2025-musclecontest-japan/,Feb 22,"Tokyo, Japan",OPEN,"[""Women's Bikini""]",Tamer El Guindy
2025 MUSCLECONTEST LUCIANO CRUZ JUIZ DE FORA PRO,,Nov 15,Brazil,OPEN,"[""Women's Physique"", ""Men's Physique""]",Tamer El Guindy
2025 MUSCLECONTEST NACIONAL PRO,,Dec 6,"Campinas, Brazil",,"[""Women's Wellness""]",Tamer El Guindy
2025 MUSCLECONTEST NORDESTE PRO,https://www.ifbbpro.com/competition/2025-musclecontest-nordeste/,Apr 12,"Recife, Brazil",OPEN,"[""Men's Physique""]",Tamer El Guincy
2025 MUSCLECONTEST PHILIPPINES PRO,,Oct 25,"Manila, Philippines",OPEN,"[""Men's Physique""]",Tamer El Guindy
2025 MUSCLECONTEST RIO PRO,,Sep 27,"Rio de Janeiro, Brazil",OPEN,"[""Men's Classic Physique""]",Tamer El Guindy
2025 MUSCLECONTEST VIETNAM PRO,,Nov 1,"Ho Chi Minh City, Vietnam",,"[""Women's Wellness""]",Tamer El Guindy
2025 NEVADA STATE PRO,https://www.ifbbpro.com/competition/2025-nevada-state-championships/,Jun 14,"Las Vegas, NV",OPEN,"[""Women's Bikini""]",Tamer El Guindy
2025 NEW YORK PRO,https://www.ifbbpro.com/competition/2025-new-york-pro/,May 17,"Teaneck, NJ",OPEN,"[""Men's Bodybuilding"", ""Women's Bikini"", ""Women's Wellness"", ""Women's Figure"", ""Women's Physique"", ""Men's 212 Bodybuilding"", ""Women's Bodybuilding"", ""Men's Classic Physique"", ""Men's Physique""]",Steve Weinberger
2025 NEW ZEALAND PRO,,Nov 2,"Palmerston, New Zealand",OPEN,"[""Women's Bikini""]",Moe Elmoussawi
2025 OKLAHOMA PRO,https://www.ifbbpro.com/competition/2025-oklahoma-classic-pro-am/,Jun 7,"Tulsa, OK",OPEN + MASTERS 35/40/45/50/60,"[""Men's Classic Physique""]",Eileen Calabrese
2025 OKLAHOMA SHOWDOWN OF CHAMPIONS PRO,https://www.ifbbpro.com/competition/2025-oklahoma-showdown-of-champions-pro/,Sept 13,"Tulsa, OK",OPEN + MASTERS 35/40,"[""Women's Fitness""]",Eileen Calabrese
2025 OLYMPIA,,Oct 9-12,"Las Vegas, NV",OPEN,"[""Men's Bodybuilding"", ""Women's Bikini"", ""Women's Wellness"", ""Women's Physique"", ""Men's 212 Bodybuilding"", ""Women's Fitness"", ""Women's Bodybuilding"", ""Men's Classic Physique"", ""Men's Wheelchair"", ""Men's Physique""]",Dan Solomon
2025 OMAHA PRO,https://www.ifbbpro.com/competition/2025-omaha-pro/,Jun 7,"Omaha, NE",,"[""Women's Physique""]",Jack Titone
2025 OPTIMUM CLASSIC PRO,https://www.ifbbpro.com/competition/2025-optimum-classic-championships/,May 24,"Shreveport, LA",OPEN,"[""Women's Bikini"", ""Women's Wellness"", ""Women's Figure"", ""Women's Physique"", ""Men's Classic Physique"", ""Men's Physique""]",Robert Blount
2025 PACIFIC USA XXXI,,Aug 9,"San Diego, CA",OPEN,"[""Men's Physique""]",Tamer El Guindy
2025 PHARLABS MEXICO PRO/AM,https://www.ifbbpro.com/competition/2025-pharlabs-mexico-pro-am/,Oct 18-19,"Cuidad de Mexico, Mexico",OPEN,"[""Men's Bodybuilding"", ""Women's Bikini"", ""Women's Wellness"", ""Women's Figure"", ""Women's Physique"", ""Men's 212 Bodybuilding"", ""Men's Classic Physique"", ""Men's Physique""]",Slawomir Porowski & Patricia Pavon
2025 PITTSBURGH POWER & FITNESS FESTIVAL,https://www.ifbbpro.com/competition/2025-pittsburgh-power-fitness-festival/,May 10-11,Pittsburgh. PA,OPEN,"[""Men's Bodybuilding"", ""Women's Bikini"", ""Women's Wellness"", ""Women's Figure"", ""Women's Physique"", ""Men's Classic Physique"", ""Men's Physique""]",Jim Manion
2025 PROMUSCLE ITALY PRO,https://www.ifbbpro.com/competition/2025-promuscle-italy-pro/,Sep 7,"Milan, Italy",OPEN,"[""Men's Bodybuilding"", ""Women's Bikini"", ""Women's Wellness""]",Barbara Bagnuolo
2025 REPUBLIC OF TEXAS PRO,https://www.ifbbpro.com/competition/2025-republic-of-texas-pro/,Jul 12,"Austin, TX",OPEN + MASTERS 40,"[""Women's Bikini"", ""Women's Wellness"", ""Men's Physique""]",Helio Chapuseaux | Bernadette Galvan
2025 RGV PRO,https://www.ifbbpro.com/competition/2025-rgv-pro/,Aug 30,"McAllen, TX",OPEN,"[""Men's Classic Physique"", ""Women's Wellness"", ""Women's Bikini"", ""Men's Physique""]",Helio Chapuseaux | Bernadette Galvan
2025 RISING PHOENIX,https://www.ifbbpro.com/competition/2025-rising-phoenix/,Sept 13,"Phoenix, AZ",OPEN,"[""Women's Bikini"", ""Women's Wellness"", ""Women's Figure"", ""Women's Physique"", ""Women's Fitness"", ""Women's Bodybuilding""]",Alex Sacasa
2025 ROMANIA MUSCLE FEST PRO,https://www.ifbbpro.com/competition/2025-romania-muscle-fest-pro-am/,Nov 8-9,"Bucharest, Romania",OPEN,"[""Men's Bodybuilding"", ""Women's Bikini"", ""Women's Wellness"", ""Women's Figure"", ""Women's Physique"", ""Men's 212 Bodybuilding"", ""Women's Bodybuilding"", ""Men's Classic Physique"", ""Men's Physique""]",Wings of Strength
2025 SAMPSON SHOWDOWN PRO,https://www.ifbbpro.com/competition/2025-sampson-showdown/,Mar 29,"Las Vegas, NV",OPEN + MASTERS 35/40,"[""Women's Wellness""]",Patrick Sampson
2025 SAN ANTONIO PRO,https://www.ifbbpro.com/competition/2025-san-antonio-pro/,Sep 20,"San Antonio, TX",OPEN + MASTERS 40/45/50/55/60,"[""Men's Classic Physique"", ""Women's Bikini"", ""Men's Physique"", ""Women's Figure""]",Tim Gardner
2025 SAN DIEGO PRO,https://www.ifbbpro.com/competition/2025-san-diego-championships/,Mar 8,"San Diego, CA",OPEN,"[""Women's Bikini""]",Tamer El Guindy
2025 SASQUATCH PRO,https://www.ifbbpro.com/competition/2025-sasquatch-pro/,Sep 20,"Federal Way, WA",OPEN + MASTERS 40,"[""Women's Figure"", ""Women's Bikini"", ""Men's Physique""]",Michelle Mayberry | Chris Algeo
2025 SHAWN RAY'S HAWAIIAN CLASSIC PRO,,Nov 8,"Honolulu, HI",OPEN,"[""Men's Classic Physique"", ""Women's Bikini""]",Shawn Ray
2025 SHERU CLASSIC BHARAT PRO SHOW,https://www.ifbbpro.com/competition/2025-sheru-classic-bharat-pro-show/,May 30-Jun 1,"Delhi, India",OPEN,"[""Men's Classic Physique"", ""Men's Physique""]",Sheru Aangrish
2025 SIN CITY SHOWDOWN PRO,,Aug 23,"Las Vegas, NV",,"[""Women's Wellness""]",Tamer El Guindy
2025 SOUTH FLORIDA PRO,https://www.ifbbpro.com/competition/2025-south-florida-pro/,Jun 21,"Boca Raton, FL",OPEN + MASTERS 35/45/50,"[""Men's 212 Bodybuilding""]",John Hnatyschak
2025 SOUTHERN CALIFORNIA PRO,https://www.ifbbpro.com/competition/2025-southern-california-championships/,Jun 7,"San Diego, CA",,"[""Women's Wellness""]",Tamer El Guindy
2025 SOUTHERN MUSCLE SHOWDOWN PRO,https://www.ifbbpro.com/competition/2025-southern-muscle-showdown-pro/,Oct 4,"Dalton, GA",OPEN + MASTERS 40/50,"[""Men's Classic Physique"", ""Women's Bikini""]",Steve Payne
2025 SPAIN PRO,,Nov 1,Spain,OPEN,"[""Men's Classic Physique"", ""Women's Bikini"", ""Men's Physique""]",Emilio Martinez
2025 SPANISH GRAND PRIX PRO,https://www.ifbbpro.com/competition/2025-spanish-grand-prix-pro/,Nov 23,"Madrid, Spain",OPEN,"[""Men's Classic Physique"", ""Women's Wellness"", ""Women's Bikini"", ""Men's Physique""]",Gabriel Opare
2025 ST. LOUIS PRO,https://www.ifbbpro.com/competition/2025-st-louis-pro/,Apr 19,"St. Louis, MO",,"[""Women's Wellness"", ""Men's Physique""]",Jack Titone
2025 ST. PETE PRO,https://www.ifbbpro.com/competition/2025-st-pete-pro/,Jun 28,"St. Petersburg, FL",OPEN + MASTERS 35/40/45/50/55/60,"[""Men's Physique""]",David Herskovitz
2025 STEVE KARR LAS VEGAS CLASSIC PRO,,Nov 8,"Las Vegas, NV",OPEN,"[""Men's Classic Physique""]",Austin Karr
2025 SUR PRO CUP,https://www.ifbbpro.com/competition/2025-sur-pro-cup/,Dec 13,"Buenos Aires, Argentina",OPEN,"[""Women's Bikini"", ""Men's 212 Bodybuilding""]",Fernando Loreiro
2025 SUR PRO CUP ARGENTINA,https://www.ifbbpro.com/competition/2025-sur-pro-cup-argentina/,Sep 14,"Buenos Aires, Argentina",OPEN,"[""Men's Classic Physique"", ""Women's Wellness""]",Fernando Loreiro
2025 TAHOE PRO SHOW,https://www.ifbbpro.com/competition/2025-tahoe-show/,Aug 9,"Stateline, NV",OPEN,"[""Women's Bikini""]",Chris Minnes
2025 TAIWAN PRO,https://www.ifbbpro.com/competition/2025-taiwan-pro/,Dec 5-7,Taiwan,OPEN,"[""Women's Bikini"", ""Women's Wellness"", ""Women's Figure"", ""Men's 212 Bodybuilding"", ""Men's Classic Physique"", ""Men's Physique""]",John Chen
2025 TAMPA PRO,https://www.ifbbpro.com/competition/2025-tampa-pro/,Jul 31-Aug 2,"Tampa, FL",OPEN + MASTERS 40/45/50/55/60,"[""Men's Bodybuilding"", ""Women's Bikini"", ""Women's Figure"", ""Women's Physique"", ""Men's 212 Bodybuilding"", ""Women's Bodybuilding"", ""Men's Classic Physique"", ""Men's Physique""]",Tim Gardner
2025 TANJI JOHNSON CLASSIC PRO,https://www.ifbbpro.com/competition/2025-tanji-johnson-classic/,Jun 21,"Tacoma, WA",OPEN + MASTERS 40,"[""Women's Wellness""]",Tanji Johnson-Bridgeman
2025 TEXAS PRO,https://www.ifbbpro.com/competition/2025-texas-pro/,Aug 8-9,"Irving, TX",OPEN,"[""Men's Bodybuilding"", ""Women's Bikini"", ""Women's Wellness"", ""Women's Figure"", ""Women's Physique"", ""Men's 212 Bodybuilding"", ""Men's Classic Physique"", ""Men's Wheelchair"", ""Men's Physique""]",Freddy Naidu | Sheilahe Brown
2025 TEXAS STATE PRO,,Nov 8,"San Marcos, TX",OPEN + MASTERS 40,"[""Men's Classic Physique"", ""Women's Figure""]",Helio Chapuseaux | Bernadette Galvan
2025 THAILAND PRO,https://www.ifbbpro.com/competition/2025-thailand-pro/,Jun 7,"Pattaya, Thailand",OPEN,"[""Men's Physique""]",Moe Elmoussawi
2025 TITANS GRAND PRIX PRO,,Sep 20,"Anaheim, CA",OPEN,"[""Women's Bodybuilding""]",Tamer El Guindy
2025 TOKYO PRO,https://www.ifbbpro.com/competition/2025-tokyo-pro-supershow/,Aug 11,"Tokyo, Japan",OPEN,"[""Men's Classic Physique"", ""Women's Bikini"", ""Men's Physique""]",Takayuki Shoji
2025 TORONTO PRO SUPERSHOW,https://www.ifbbpro.com/competition/2025-toronto-pro-supershow/,Jun 8,"Toronto, Canada",OPEN + MASTERS 40,"[""Men's Bodybuilding"", ""Women's Bikini"", ""Women's Wellness"", ""Women's Figure"", ""Women's Physique"", ""Men's 212 Bodybuilding"", ""Women's Bodybuilding"", ""Men's Classic Physique"", ""Men's Wheelchair"", ""Men's Physique""]",Ron Hache
2025 TOURNAMENT OF CHAMPIONS PRO,,Sep 27,"San Diego, CA",OPEN,"[""Men's Classic Physique""]",Tamer El Guindy
2025 TRI-CITY CLASSIC PRO,https://www.ifbbpro.com/competition/2025-tri-city-classic-pro-am/,Apr 5,"Columbus, GA",OPEN + MASTERS 40/50,"[""Men's Classic Physique"", ""Men's Physique"", ""Women's Figure""]",Roland Huff
2025 TRIPLE O DYNASTY PRO,https://www.ifbbpro.com/competition/2025-triple-o-dynasty/,Apr 5,"Mesa, AZ",OPEN + MASTERS 40,"[""Women's Figure"", ""Women's Bodybuilding""]",Cydney Gillon
2025 TSUNAMI NUTRITION SHOWDOWN FRANCE PRO,https://www.ifbbpro.com/competition/2025-tsunami-nutrition-showdown-france-pro/,Sep 27,"Lille, France",OPEN,"[""Men's Bodybuilding"", ""Men's Classic Physique"", ""Women's Bikini""]",Ron Hache
2025 TUPELO PRO,https://www.ifbbpro.com/competition/2025-tupelo-pro/,Aug 8-9,"Tupelo, MS",OPEN + MASTERS 40/50,"[""Men's Classic Physique"", ""Women's Physique"", ""Women's Wellness"", ""Women's Figure""]",Judy Gaillard
2025 UK PRO,,Jul 19-20,United Kingdom,OPEN,"[""Men's Physique""]",2 Bros Pros
2025 UTAH CUP PRO,https://www.ifbbpro.com/competition/2025-utah-cup/,Apr 5,"Holladay, UT",OPEN + MASTERS 40,"[""Men's Classic Physique""]",Steve Schmall
2025 VAN PRO/AM,https://www.ifbbpro.com/competition/2025-van-pro-am/,Jul 27,"Richmond, Canada",OPEN,"[""Men's Classic Physique"", ""Women's Bikini"", ""Men's Physique""]",Michelle Krack
2025 VANCOUVER ISLAND SHOWDOWN PRO,https://www.ifbbpro.com/competition/2025-vancouver-island-showdown-pro/,Apr 19,"Victoria, Canada",OPEN,"[""Women's Physique"", ""Women's Wellness"", ""Women's Bodybuilding""]",Corey Swiergosz
2025 WASATCH WARRIOR PRO,https://www.ifbbpro.com/competition/2025-wasatch-warrior/,Apr 26,"Salt Lake city, UT",OPEN + MASTERS 40,"[""Women's Bikini"", ""Men's Physique""]",Robyn Maher
2025 WORLD CLASSIC BIKINI PRO,https://www.ifbbpro.com/competition/2025-world-classic-2/,Jun 21,"Chattanooga, TN",OPEN,"[""Women's Bikini""]",Sandy Williamson | Robin Chang | Doug Green
2025 WORLD CLASSIC MEN'S PHYSIQUE PRO,https://www.ifbbpro.com/competition/20205-world-classic/,Jun 20,"Chattanooga, TN",OPEN,"[""Men's Physique""]",Sandy Williamson | Robin Chang | Doug Green
2025 WORLD OF MONSTERZM PRO,https://www.ifbbpro.com/competition/2025-world-of-monsterzym-korea-pro/,Apr 26,"Seoul, South Korea",OPEN,"[""Women's Bikini""]",Steve Kim
2025 WORLD OF MONSTERZYM KOREA PRO,https://www.ifbbpro.com/competition/2025-world-of-monsterzym-korea-pro-2/,May 17-18,South Korea,OPEN,"[""Men's Classic Physique"", ""Men's Physique""]",Steve Kim
2025 ZHANNA ROTAR CLASSIC PRO,,Jul 12,"Las Vegas, NV",OPEN,"[""Women's Figure""]",Tamer El Guindy
SANTO CRUZ PRO,,Aug 23,"Santa Cruz, CA",OPEN + MASTERS 40,"[""Men's Physique""]",Ted Williamson
