eventName,name,name_key,url,start_date,end_date,location,comp_type,divisions,division_type,promoter,promoter_website,year
1_bro_bikini_pro_show,2025 1 BRO BIKINI PRO SHOW,1_bro_pro_show,https://www.ifbbpro.com/competition/2025-1-bro-bikini-pro-show/,19.04.2025,19.04.2025,"{'city': '', 'state': '', 'country': 'United Kingdom'}",IFBB Pro,"[""Women's Bikini""]",open,2 Bros Pros,,2025
ace_of_stage_pro,2025 ACE OF STAGE PRO,ace_of_stage_pro,https://www.ifbbpro.com/competition/2025-ace-of-stage-pro/,04.10.2025,04.10.2025,"{'city': 'Las Vegas', 'state': 'NV', 'country': 'United States'}",IFBB Pro,"[""Men's Physique""]",open,Patrick Sampson,,2025
adela_garcia_classic_pro_am,2025 ADELA GARCIA CLASSIC PRO,adela_garcia_classic,https://www.ifbbpro.com/competition/2025-adela-garcia-classic-pro-am/,07.06.2025,07.06.2025,"{'city': 'Austin', 'state': 'TX', 'country': 'United States'}",IFBB Pro,"[""Women's Fitness""]",open,Adela Garcia,,2025
african_pro,2025 AFRICAN PRO,african_pro,https://champagneproductionsafrica.com/,06.12.2025,07.12.2025,"{'city': 'Johannesburg', 'state': '', 'country': 'South Africa'}",IFBB Pro,"[""Men's Wheelchair""]",open,Champagne Productions,,2025
agp_pro_show_2,2025 AGP PRO SHOW,agp_pro_all_stars,https://www.ifbbpro.com/competition/2025-agp-pro-show-2/,05.10.2025,05.10.2025,"{'city': '', 'state': '', 'country': 'South Korea'}",IFBB Pro,"[""Women's Bikini"", ""Women's Wellness"", ""Women's Figure"", ""Men's 212 Bodybuilding"", ""Men's Classic Physique"", ""Men's Physique""]",open,Alex Hong,,2025
agp_pro_show,2025 AGP KOREA PRO SHOW,agp_pro_show,https://www.ifbbpro.com/competition/2025-agp-pro-show/,25.05.2025,25.05.2025,"{'city': 'Gyeonggi State', 'state': '', 'country': 'South Korea'}",IFBB Pro,"[""Men's Classic Physique"", ""Women's Bikini"", ""Men's Physique""]",open,Alex Hong,,2025
alina_popa_classic_pro,2025 ALINA POPA CLASSIC PRO,alina_popa_classic,https://www.ifbbpro.com/competition/2025-alina-popa-classic-pro/,31.08.2025,31.08.2025,"{'city': 'Bucharest', 'state': '', 'country': 'Romania'}",IFBB Pro,"[""Women's Bodybuilding""]",open,Alina Popa,,2025
all_south_pro_championships,2025 ALL SOUTH PRO CHAMPIONSHIPS,all_south_pro_championships,https://www.ifbbpro.com/competition/2025-all-south-pro-championships/,01.11.2025,01.11.2025,"{'city': 'Orlando', 'state': 'FL', 'country': 'United States'}",IFBB Pro,"[""Women's Wellness""]",open,ceo@bombshellfitness.com,,2025
argentina_pro,2025 ARGENTINA PRO,argentina_pro,,14.09.2025,14.09.2025,"{'city': '', 'state': '', 'country': 'Argentina'}",IFBB Pro,"[""Men's Physique""]",open,Fernando Loreiro,,2025
sur_pro_cup,2025 SUR PRO CUP,argentina_sur_cup,https://www.ifbbpro.com/competition/2025-sur-pro-cup/,13.12.2025,13.12.2025,"{'city': 'Buenos Aires', 'state': '', 'country': 'Argentina'}",IFBB Pro,"[""Women's Bikini"", ""Men's 212 Bodybuilding""]",open,Fernando Loreiro,,2025
sur_pro_cup_argentina,2025 SUR PRO CUP ARGENTINA,argentina_sur_cup,https://www.ifbbpro.com/competition/2025-sur-pro-cup-argentina/,14.09.2025,14.09.2025,"{'city': 'Buenos Aires', 'state': '', 'country': 'Argentina'}",IFBB Pro,"[""Men's Classic Physique"", ""Women's Wellness""]",open,Fernando Loreiro,,2025
rising_phoenix,2025 RISING PHOENIX,arizona_pro,https://www.ifbbpro.com/competition/2025-rising-phoenix/,,,"{'city': 'Phoenix', 'state': 'AZ', 'country': 'United States'}",IFBB Pro,"[""Women's Bikini"", ""Women's Wellness"", ""Women's Figure"", ""Women's Physique"", ""Women's Fitness"", ""Women's Bodybuilding""]",open,Alex Sacasa,,2025
arnold_classic,2025 ARNOLD CLASSIC,arnold_classic,https://www.ifbbpro.com/competition/2025-arnold-classic/,27.02.2025,02.03.2025,"{'city': 'Columbus', 'state': 'OH', 'country': 'United States'}",IFBB Pro,"[""Men's Bodybuilding"", ""Women's Bikini"", ""Women's Wellness"", ""Women's Fitness"", ""Men's Classic Physique"", ""Men's Wheelchair"", ""Men's Physique""]",open,Lloyd Davis,,2025
arnold_sports_festival_south_america,2025 ARNOLD SPORTS FESTIVAL SOUTH AMERICA,arnold_classic_south_america,https://www.ifbbpro.com/competition/2025-arnold-sports-festival-south-america/,04.04.2025,06.04.2025,"{'city': 'Sao Paulo', 'state': '', 'country': 'Brazil'}",IFBB Pro,"[""Men's Bodybuilding"", ""Men's Wheelchair""]",open,Tamer El Guindy,,2025
lenda_murray_atl_pro_supershow,2025 LENDA MURRAY ATL PRO SUPERSHOW,atlanta_pro,https://www.ifbbpro.com/competition/2025-lenda-murray-atl-pro-supershow/,15.08.2025,16.08.2025,"{'city': 'Atlanta', 'state': 'GA', 'country': 'United States'}",IFBB Pro,"[""Women's Bikini"", ""Women's Figure"", ""Men's 212 Bodybuilding"", ""Women's Fitness"", ""Women's Bodybuilding"", ""Men's Classic Physique"", ""Men's Physique""]",open,Alex Sacasa,,2025
atlantic_coast_pro,2025 ATLANTIC COAST PRO,atlantic_coast_pro,https://www.ifbbpro.com/competition/2025-atlantic-coast-pro/,15.11.2025,16.11.2025,"{'city': 'Fort Lauderdale', 'state': 'FL', 'country': 'United States'}",IFBB Pro,"[""Men's Classic Physique"", ""Women's Bikini"", ""Men's Physique"", ""Women's Figure""]",open,Tim Gardner,,2025
austrian_oak_pro,2025 AUSTRIAN OAK PRO,austrian_oak_pro,https://www.ifbbpro.com/competition/2025-austrian-oak-pro/,24.08.2025,24.08.2025,"{'city': 'St. Polten', 'state': '', 'country': 'Austria'}",IFBB Pro,"[""Men's Classic Physique"", ""Women's Wellness""]",open,Harald Schober,,2025
balkan_grand_prix_pro,2025 BALKAN GRAND PRIX PRO,balkan_grand_prix,https://www.ifbbpro.com/competition/2025-balkan-grand-prix-pro/,04.10.2025,04.10.2025,"{'city': 'Sofia', 'state': '', 'country': 'Bulgaria'}",IFBB Pro,"[""Women's Figure"", ""Women's Wellness"", ""Men's 212 Bodybuilding""]",open,Martin Rusanov,,2025
battle_on_the_bay_pro,2025 BATTLE ON THE BAY PRO,battle_of_the_bay,,06.12.2025,06.12.2025,"{'city': 'Union City', 'state': 'CA', 'country': 'United States'}",IFBB Pro,"[""Women's Bikini""]",open,Ted Williamson,,2025
spain_pro,2025 SPAIN PRO,bigman_weekend_spain,,01.11.2025,01.11.2025,"{'city': '', 'state': '', 'country': 'Spain'}",IFBB Pro,"[""Men's Classic Physique"", ""Women's Bikini"", ""Men's Physique""]",open,Emilio Martinez,,2025
body_be_1_classic_pro_am,2025 BODY BE 1 CLASSIC PRO,body_be_1_classic,https://www.ifbbpro.com/competition/2025-body-be-1-classic-pro-am/,21.06.2025,21.06.2025,"{'city': 'Montgomery', 'state': 'AL', 'country': 'United States'}",IFBB Pro,"[""Men's Classic Physique"", ""Women's Fitness"", ""Men's Physique"", ""Women's Figure""]",open,Roland Huff,,2025
gomeisa_ultimate_battle_pro_medellin_supershow,2025 GOMEISA ULTIMATE BATTLE COLOMBIA PRO,bogota_classic,https://www.ifbbpro.com/competition/2025-gomeisa-ultimate-battle-pro-medellin-supershow/,17.07.2025,20.07.2025,"{'city': 'Medellin', 'state': '', 'country': 'Colombia'}",IFBB Pro,"[""Women's Bikini"", ""Women's Wellness"", ""Women's Figure"", ""Men's Classic Physique"", ""Men's Physique""]",open,Maz Ali,,2025
border_states_pro,2025 BORDER STATES PRO,border_states_xlv_pro,,25.10.2025,25.10.2025,"{'city': 'San Diego', 'state': 'CA', 'country': 'United States'}",IFBB Pro,"[""Men's Physique""]",open,Tamer El Guindy,,2025
british_grand_prix_pro,2025 BRITISH GRAND PRIX PRO,british_championships,https://www.ifbbpro.com/competition/2025-british-grand-prix-pro/,18.10.2025,18.10.2025,"{'city': 'Bradford', 'state': '', 'country': 'United Kingdom'}",IFBB Pro,"[""Men's Bodybuilding""]",open,2 Bros Pros,,2025
california_state_championships,2025 CALIFORNIA STATE PRO,california_state_pro,https://www.ifbbpro.com/competition/2025-california-state-championships/,24.05.2025,24.05.2025,"{'city': 'Anaheim', 'state': 'CA', 'country': 'United States'}",IFBB Pro,"[""Men's Bodybuilding""]",open,Tamer El Guindy,,2025
charlotte_pro,2025 CHARLOTTE PRO,charlotte_pro,https://www.ifbbpro.com/competition/2025-charlotte-pro/,12.04.2025,12.04.2025,"{'city': 'Charlotte', 'state': 'NC', 'country': 'United States'}",IFBB Pro,"[""Women's Bikini"", ""Men's Physique""]",open,Johnny Stewart,,2025
chattanooga_night_of_champions_pro,2025 CHATTANOOGA NIGHT OF CHAMPIONS PRO,chattanooga_night_of_champions,https://www.ifbbpro.com/competition/2025-chattanooga-night-of-champions-pro/,08.11.2025,08.11.2025,"{'city': 'Chattanooga', 'state': 'TN', 'country': 'United States'}",IFBB Pro,"[""Women's Fitness""]",open,Allen Sizemore,,2025
chicago_pro,2025 CHICAGO PRO,chicago_pro,https://www.ifbbpro.com/competition/2025-chicago-pro/,18.07.2025,19.07.2025,"{'city': 'Rosemont', 'state': 'IL', 'country': 'United States'}",IFBB Pro,"[""Men's Bodybuilding"", ""Women's Bikini"", ""Women's Figure"", ""Women's Physique"", ""Men's 212 Bodybuilding"", ""Women's Bodybuilding"", ""Men's Classic Physique"", ""Men's Physique""]",open,Tim Gardner,,2025
dms_china_pro,2025 CHINA DMS PRO,china_dms_pro,https://www.ifbbpro.com/competition/2025-dms-china-pro/,30.03.2025,30.03.2025,"{'city': 'Shanghai', 'state': '', 'country': 'China'}",IFBB Pro,"[""Men's Classic Physique"", ""Women's Bikini"", ""Men's Physique"", ""Women's Figure""]",open,DMS,,2025
daytona_pro_am_championships,2025 DAYTONA PRO/AM CHAMPIONSHIPS,daytona_pro_am,https://www.ifbbpro.com/competition/2025-daytona-pro-am-championships/,27.09.2025,28.09.2025,"{'city': 'Daytona Beach', 'state': 'FL', 'country': 'United States'}",IFBB Pro,"[""Women's Bikini"", ""Men's Physique""]",open,Michael Matassa,,2025
dc_pro_am,2025 DC PRO,dc_pro,https://www.ifbbpro.com/competition/2025-dc-pro-am/,07.06.2025,07.06.2025,"{'city': 'Manassas', 'state': 'VA', 'country': 'United States'}",IFBB Pro,"[""Women's Bikini"", ""Men's Physique""]",open,Gary Udit,,2025
detroit_pro_am,2025 DETROIT PRO,detroit_pro,https://www.ifbbpro.com/competition/2025-detroit-pro-am/,29.03.2025,29.03.2025,"{'city': 'Dearborn', 'state': 'MI', 'country': 'United States'}",IFBB Pro,"[""Men's Bodybuilding"", ""Men's Classic Physique""]",open,Fouad Abiad,,2025
dominican_republic_pro,2025 DOMINICAN REPUBLIC PRO,dominican_republic_pro,,21.09.2025,21.09.2025,"{'city': '', 'state': '', 'country': 'Dominican Republic'}",IFBB Pro,"[""Women's Bikini"", ""Women's Wellness"", ""Women's Figure"", ""Men's Classic Physique"", ""Men's Physique""]",open,Maz Ali & Tamer El Guindy,,2025
dubai_pro,2025 DUBAI PRO,dubai_pro,https://www.ifbbpro.com/competition/2025-dubai-pro/,20.06.2025,22.06.2025,"{'city': 'Dubai', 'state': '', 'country': 'United Arab Emirates'}",IFBB Pro,"[""Men's Bodybuilding"", ""Men's Classic Physique"", ""Men's 212 Bodybuilding"", ""Men's Physique""]",open,Mo Barakat & Adel Al Ali,,2025
east_coast_pro,2025 EAST COAST PRO,east_coast_pro,,01.11.2025,01.11.2025,"{'city': 'Wayne', 'state': 'NJ', 'country': 'United States'}",IFBB Pro,"[""Women's Bikini"", ""Men's Physique""]",open,Maz Ali,,2025
euro_muscle_pro_show,2025 EURO MUSCLE PRO SHOW,euro_muscle_show,,12.07.2025,13.07.2025,"{'city': 'Amsterdam', 'state': '', 'country': 'Netherlands'}",IFBB Pro,"[""Women's Bikini"", ""Women's Wellness"", ""Women's Figure"", ""Men's 212 Bodybuilding"", ""Men's Classic Physique"", ""Men's Physique""]",open,Liona Bergmann,,2025
european_pro_championships,2025 EUROPEAN PRO CHAMPIONSHIPS,european_pro_championships,,13.09.2025,14.09.2025,"{'city': '', 'state': '', 'country': 'Germany'}",IFBB Pro,"[""Men's Bodybuilding"", ""Women's Bikini"", ""Women's Wellness"", ""Women's Figure"", ""Women's Physique"", ""Women's Bodybuilding"", ""Men's Classic Physique"", ""Men's Physique""]",open,Dennis James,,2025
everest_muscle_games_poland_pro,2025 EVEREST MUSCLE GAMES POLAND PRO,everest_muscle_games,https://www.ifbbpro.com/competition/2025-everest-muscle-games-poland-pro/,25.05.2025,25.05.2025,"{'city': 'Warsaw', 'state': '', 'country': 'Poland'}",IFBB Pro,"[""Men's Classic Physique"", ""Women's Wellness"", ""Women's Bikini"", ""Men's Physique""]",open,Robert Piotrkowicz,,2025
everest_muscle_stars_poland_pro,2025 EVEREST MUSCLE STARS POLAND PRO,everest_muscle_stars,https://www.ifbbpro.com/competition/2025-everest-muscle-stars-poland-pro/,01.11.2025,02.11.2025,"{'city': 'Warsaw', 'state': '', 'country': 'Poland'}",IFBB Pro,"[""Men's Bodybuilding""]",open,Robert Piotrkowicz,,2025
evls_prague_pro,2025 EVLS PRAGUE PRO,evls_prague_pro,https://www.ifbbpro.com/competition/2025-evls-prague-pro/,26.10.2025,26.10.2025,"{'city': 'Prague', 'state': '', 'country': 'Czech Republic'}",IFBB Pro,"[""Men's Bodybuilding"", ""Women's Bikini"", ""Women's Wellness"", ""Women's Figure"", ""Men's 212 Bodybuilding"", ""Men's Classic Physique"", ""Men's Physique""]",open,Adam Kindl,,2025
fibo_pro_championships,2025 FIBO CHAMPIONSHIPS,fibo_pro,https://www.ifbbpro.com/competition/2025-fibo-pro-championships/,11.04.2025,12.04.2025,"{'city': 'Cologne', 'state': '', 'country': 'Germany'}",IFBB Pro,"[""Men's Bodybuilding"", ""Men's Classic Physique"", ""Women's Bikini"", ""Women's Figure""]",open,Michael Kohler & Jens Thieme,,2025
fashion_street_fitparade_hungary_pro,2025 FASHION STREET FITPARADE PRO,fitparade_pro,https://www.ifbbpro.com/competition/2025-fashion-street-fitparade-hungary-pro/,19.10.2025,19.10.2025,"{'city': 'Budapest', 'state': '', 'country': 'Hungary'}",IFBB Pro,"[""Men's Classic Physique"", ""Women's Bikini""]",open,Ildiko Buranits,,2025
florida_pro,2025 FLORIDA PRO,florida_pro,https://www.ifbbpro.com/competition/2025-florida-pro/,05.09.2025,06.09.2025,"{'city': 'Sarasota', 'state': 'FL', 'country': 'United States'}",IFBB Pro,"[""Men's Classic Physique"", ""Women's Bikini"", ""Men's Physique"", ""Women's Figure""]",open,Stacy Taylor,,2025
grl_pwr_championships,2025 GRL PWR PRO,grl_pwr_championships,https://www.ifbbpro.com/competition/2025-grl-pwr-championships/,26.04.2025,26.04.2025,"{'city': 'Orlando', 'state': 'FL', 'country': 'United States'}",IFBB Pro,"[""Women's Bikini"", ""Women's Wellness""]",open,Shannon Dey,,2025
heart_of_texas_pro,2025 HEART OF TEXAS PRO,heart_of_texas_pro,https://www.ifbbpro.com/competition/2025-heart-of-texas-pro/,06.09.2025,06.09.2025,"{'city': 'Dallas', 'state': 'TX', 'country': 'United States'}",IFBB Pro,"[""Women's Wellness""]",open,Prince Harrison,,2025
hong_kong_pro,2025 HONG KONG PRO,hong_kong_pro,,07.09.2025,07.09.2025,"{'city': '', 'state': '', 'country': 'Hong Kong'}",IFBB Pro,"[""Men's Classic Physique"", ""Women's Bikini"", ""Men's Physique""]",open,Hugo Chan,,2025
huanji_china_pro_2,2025 HUANJI CHINA PRO,huanji_china_pro,https://www.ifbbpro.com/competition/2025-huanji-china-pro-2/,22.06.2025,22.06.2025,"{'city': 'Beijing', 'state': '', 'country': 'China'}",IFBB Pro,"[""Men's Bodybuilding"", ""Women's Bikini"", ""Women's Wellness"", ""Women's Figure"", ""Men's 212 Bodybuilding"", ""Men's Classic Physique"", ""Men's Physique""]",open,George Zhang,,2025
kokeny_classic_hungary_pro,2025 KOKENY CLASSIC HUNGARY PRO,hungary_pro,https://www.ifbbproleaguehungary.hu/,10.05.2025,10.05.2025,"{'city': 'Budapest', 'state': '', 'country': 'Hungary'}",IFBB Pro,"[""Men's Classic Physique"", ""Men's 212 Bodybuilding"", ""Women's Bikini""]",open,Ildiko Buranits,,2025
hurricane_pro,2025 HURRICANE PRO,hurricane_pro,https://www.ifbbpro.com/competition/2025-hurricane-pro/,18.10.2025,19.10.2025,"{'city': 'St.Petersburg', 'state': 'FL', 'country': 'United States'}",IFBB Pro,"[""Men's Classic Physique"", ""Women's Bikini"", ""Men's Physique"", ""Women's Figure""]",open,Tim Gardner,,2025
indy_supershow,2025 INDY PRO SUPERSHOW,indy_pro,https://www.ifbbpro.com/competition/2025-indy-supershow/,28.06.2025,28.06.2025,"{'city': 'Carmel', 'state': 'IN', 'country': 'United States'}",IFBB Pro,"[""Men's Classic Physique"", ""Women's Bikini""]",open,Gary Udit,,2025
invictus_pro,2025 INVICTUS PRO,invictus_pro,https://www.ifbbpro.com/competition/2025-invictus-pro/,01.11.2025,01.11.2025,"{'city': 'Almaty', 'state': '', 'country': 'Kazakhstan'}",IFBB Pro,"[""Men's Classic Physique"", ""Women's Wellness"", ""Women's Bikini""]",open,Chris Minnes,,2025
iron_games_pro,2025 IRON GAMES PRO,iron_games_pro,,08.11.2025,08.11.2025,"{'city': 'San Diego', 'state': 'CA', 'country': 'United States'}",IFBB Pro,"[""Women's Bikini""]",open,Tamer El Guindy,,2025
flex_weekend_italy_pro,2025 FLEX WEEKEND ITALY PRO,italy_flex_weekend,https://www.ifbbpro.com/competition/2025-flex-weekend-italy-pro/,29.06.2025,29.06.2025,"{'city': 'Milan', 'state': '', 'country': 'Italy'}",IFBB Pro,"[""Men's Bodybuilding"", ""Men's Classic Physique"", ""Men's Physique""]",open,Barbara Bagnuolo,,2025
janet_layugs_battle_of_the_bodies_pro,2025 JANET LAYUG'S BATTLE OF THE BODIES,janet_layugs_battle_of_the_bodies,https://www.ifbbpro.com/competition/2025-janet-layugs-battle-of-the-bodies-pro/,13.09.2025,13.09.2025,"{'city': 'Fort Lauderdale', 'state': 'FL', 'country': 'United States'}",IFBB Pro,"[""Women's Bikini""]",open,Janet Layug,,2025
battle_of_the_bodies,2025 BATTLE OF THE BODIES PRO,janet_layugs_battle_of_the_bodies,https://www.ifbbpro.com/competition/2025-battle-of-the-bodies/,12.04.2025,12.04.2025,"{'city': 'Tulsa', 'state': 'OK', 'country': 'United States'}",IFBB Pro,"[""Women's Figure""]",open,Eileen Calabrese,,2025
japan_pro,2025 JAPAN PRO,japan_pro,https://www.ifbbpro.com/competition/2025-japan-pro/,24.11.2025,24.11.2025,"{'city': 'Tokyo', 'state': '', 'country': 'Japan'}",IFBB Pro,"[""Men's Bodybuilding"", ""Women's Bikini"", ""Women's Wellness"", ""Men's Classic Physique"", ""Men's Physique""]",open,Takayuki Shoji,,2025
kc_pro,2025 KC PRO,kc_pro,,14.11.2025,14.11.2025,"{'city': 'Kansas City', 'state': 'MO', 'country': 'United States'}",IFBB Pro,"[""Women's Bikini""]",open,Jack Titone,,2025
koloseum_italy_pro,2025 KOLOSEUM ITALY PRO,koloseum_pro,https://www.ifbbpro.com/competition/2025-koloseum-italy-pro/,05.10.2025,05.10.2025,"{'city': '', 'state': '', 'country': 'Italy'}",IFBB Pro,"[""Men's Classic Physique"", ""Women's Bikini"", ""Men's Physique""]",open,Barbara Bagnuolo,,2025
korea_pro,2025 KOREA PRO,korea_pro,,12.07.2025,12.07.2025,"{'city': '', 'state': '', 'country': 'South Korea'}",IFBB Pro,"[""Men's 212 Bodybuilding""]",open,Steve Kim,,2025
legion_sports_fest,2025 LEGION SPORTS FEST PRO,legion_sports_fest,https://www.ifbbpro.com/competition/2025-legion-sports-fest/,31.05.2025,31.05.2025,"{'city': 'Reno', 'state': 'NV', 'country': 'United States'}",IFBB Pro,"[""Men's Bodybuilding"", ""Women's Bikini"", ""Women's Wellness"", ""Women's Fitness"", ""Men's Classic Physique"", ""Men's Physique""]",open,Chris Minnes,,2025
los_angles_grand_prix,2025 LOS ANGELES GRAND PRIX PRO,los_angeles_grand_prix,https://www.ifbbpro.com/competition/2025-los-angles-grand-prix/,26.04.2025,26.04.2025,"{'city': 'Anaheim', 'state': 'CA', 'country': 'United States'}",IFBB Pro,"[""Men's Physique""]",open,Tamer El Guindy,,2025
los_angeles_pro_championships,2025 LOS ANGELES PRO CHAMPIONSHIPS,los_angeles_grand_prix,,19.07.2025,19.07.2025,"{'city': 'Anaheim', 'state': 'CA', 'country': 'United States'}",IFBB Pro,"[""Women's Bikini""]",open,Tamer El Guindy,,2025
mexico_pro,2025 MEXICO PRO,mexico_pro,,26.07.2025,27.07.2025,"{'city': '', 'state': '', 'country': 'Mexico'}",IFBB Pro,"[""Men's Classic Physique"", ""Women's Wellness""]",open,Gabriel Velasco,,2025
miami_pro,2025 MIAMI PRO,miami_pro,https://www.ifbbpro.com/competition/2025-miami-pro/,24.05.2025,24.05.2025,"{'city': 'Miami Beach', 'state': 'FL', 'country': 'United States'}",IFBB Pro,"[""Women's Bikini"", ""Women's Wellness"", ""Men's Physique""]",open,Geobanny Paula,,2025
mile_high_pro,2025 MILE HIGH PRO,mile_high_pro,https://www.ifbbpro.com/competition/2025-mile-high-pro/,07.06.2025,07.06.2025,"{'city': 'Denver', 'state': 'CO', 'country': 'United States'}",IFBB Pro,"[""Women's Bikini"", ""Men's Physique""]",open,Jeff Taylor,,2025
world_of_monsterzym_korea_pro_2,2025 WORLD OF MONSTERZYM KOREA PRO,monsterzym_pro,https://www.ifbbpro.com/competition/2025-world-of-monsterzym-korea-pro-2/,17.05.2025,18.05.2025,"{'city': '', 'state': '', 'country': 'South Korea'}",IFBB Pro,"[""Men's Classic Physique"", ""Men's Physique""]",open,Steve Kim,,2025
world_of_monsterzym_korea_pro,2025 WORLD OF MONSTERZM PRO,monsterzym_pro,https://www.ifbbpro.com/competition/2025-world-of-monsterzym-korea-pro/,26.04.2025,26.04.2025,"{'city': 'Seoul', 'state': '', 'country': 'South Korea'}",IFBB Pro,"[""Women's Bikini""]",open,Steve Kim,,2025
moscow_pro_am_showdown,2025 MOSCOW PRO/AM SHOWDOWN,moscow_showdown,https://www.ifbbpro.com/competition/2025-moscow-pro-am-showdown/,25.10.2025,25.10.2025,"{'city': 'Moscow', 'state': '', 'country': 'Russia'}",IFBB Pro,"[""Men's Classic Physique"", ""Women's Bikini""]",open,Oksana Grishina,,2025
mr_big_evolution_portugal_pro,2025 MR BIG EVOLUTION PORTUGAL PRO,mr_big_evolution_pro,https://www.ifbbpro.com/competition/2025-mr-big-evolution-portugal-pro/,06.07.2025,06.07.2025,"{'city': 'Estoril', 'state': '', 'country': 'Portugal'}",IFBB Pro,"[""Men's Bodybuilding"", ""Women's Bikini"", ""Women's Wellness"", ""Women's Figure"", ""Women's Physique"", ""Men's 212 Bodybuilding"", ""Women's Bodybuilding"", ""Men's Classic Physique"", ""Men's Physique""]",open,Mr. Big Evolution,,2025
olympia,2025 OLYMPIA,mr_olympia,,09.10.2025,12.10.2025,"{'city': 'Las Vegas', 'state': 'NV', 'country': 'United States'}",IFBB Pro,"[""Men's Bodybuilding"", ""Women's Bikini"", ""Women's Wellness"", ""Women's Physique"", ""Men's 212 Bodybuilding"", ""Women's Fitness"", ""Women's Bodybuilding"", ""Men's Classic Physique"", ""Men's Wheelchair"", ""Men's Physique""]",open,Dan Solomon,,2025
musclecontest_austria_pro,2025 MUSCLECONTEST AUSTRIA PRO,musclecontest_austria,,13.12.2025,13.12.2025,"{'city': 'Schwechat', 'state': '', 'country': 'Austria'}",IFBB Pro,"[""Men's Classic Physique""]",open,Tamer El Guindy,,2025
musclecontest_brazil_pro,2025 MUSCLECONTEST BRAZIL PRO,musclecontest_brazil,,18.07.2025,20.07.2025,"{'city': 'Curitiba', 'state': '', 'country': 'Brazil'}",IFBB Pro,"[""Men's Classic Physique"", ""Women's Wellness"", ""Men's Physique"", ""Women's Figure""]",open,Tamer El Guindy,,2025
mci_brazil_pro,2025 MCI BRAZIL PRO,musclecontest_brazil,,17.10.2025,19.10.2025,"{'city': 'Sao Paulo', 'state': '', 'country': 'Brazil'}",IFBB Pro,"[""Men's Classic Physique"", ""Men's 212 Bodybuilding"", ""Women's Bikini""]",open,Tamer El Guindy,,2025
musclecontest_bullman_pro,2025 MUSCLECONTEST BULLMAN PRO,musclecontest_bullman,https://www.ifbbpro.com/competition/2025-musclecontest-bullman-pro/,17.05.2025,17.05.2025,"{'city': 'Dublin', 'state': '', 'country': 'Ireland'}",IFBB Pro,"[""Men's Classic Physique""]",open,Tamer El Guindy,,2025
musclecontest_campinas,2025 MUSCLECONTEST CAMPINAS PRO,musclecontest_campinas,https://www.ifbbpro.com/competition/2025-musclecontest-campinas/,15.03.2025,15.03.2025,"{'city': 'Campinas', 'state': '', 'country': 'Brazil'}",IFBB Pro,"[""Women's Bikini""]",open,Tamer El Guindy,,2025
musclecontest_fitpira_pro,2025 MUSCLECONTEST FITPIRA PRO,musclecontest_fit_pira,,08.11.2025,09.11.2025,"{'city': 'Piracicaba', 'state': '', 'country': 'Brazil'}",IFBB Pro,"[""Men's Classic Physique"", ""Women's Bikini"", ""Men's Physique""]",open,Tamer El Guindy,,2025
fitworld,2025 FITWORLD PRO,musclecontest_fitworld,https://www.ifbbpro.com/competition/2025-fitworld/,22.03.2025,22.03.2025,"{'city': 'Anaheim', 'state': 'CA', 'country': 'United States'}",IFBB Pro,"[""Men's Classic Physique""]",open,Tamer El Guindy,,2025
musclecontest_experience_pro,2025 MUSCLECONTEST EXPERIENCE PRO,musclecontest_fortaleza,,22.08.2025,24.08.2025,"{'city': 'Fortaleza', 'state': '', 'country': 'Brazil'}",IFBB Pro,"[""Men's Classic Physique"", ""Men's Physique""]",open,Tamer El Guindy,,2025
musclecontest_japan,2025 MUSCLECONTEST JAPAN PRO,musclecontest_japan,https://www.ifbbpro.com/competition/2025-musclecontest-japan/,22.02.2025,22.02.2025,"{'city': 'Tokyo', 'state': '', 'country': 'Japan'}",IFBB Pro,"[""Women's Bikini""]",open,Tamer El Guindy,,2025
musclecontest_luciano_cruz_juiz_de_fora_pro,2025 MUSCLECONTEST LUCIANO CRUZ JUIZ DE FORA PRO,musclecontest_juiz_de_fora,,15.11.2025,15.11.2025,"{'city': '', 'state': '', 'country': 'Brazil'}",IFBB Pro,"[""Women's Physique"", ""Men's Physique""]",open,Tamer El Guindy,,2025
musclecontest_nacional_pro,2025 MUSCLECONTEST NACIONAL PRO,musclecontest_nacional,,06.12.2025,06.12.2025,"{'city': 'Campinas', 'state': '', 'country': 'Brazil'}",IFBB Pro,"[""Women's Wellness""]",open,Tamer El Guindy,,2025
musclecontest_nordeste,2025 MUSCLECONTEST NORDESTE PRO,musclecontest_nordeste,https://www.ifbbpro.com/competition/2025-musclecontest-nordeste/,12.04.2025,12.04.2025,"{'city': 'Recife', 'state': '', 'country': 'Brazil'}",IFBB Pro,"[""Men's Physique""]",open,Tamer El Guincy,,2025
musclecontest_philippines_pro,2025 MUSCLECONTEST PHILIPPINES PRO,musclecontest_philippines,,25.10.2025,25.10.2025,"{'city': 'Manila', 'state': '', 'country': 'Philippines'}",IFBB Pro,"[""Men's Physique""]",open,Tamer El Guindy,,2025
musclecontest_rio_pro,2025 MUSCLECONTEST RIO PRO,musclecontest_rio,,27.09.2025,27.09.2025,"{'city': 'Rio de Janeiro', 'state': '', 'country': 'Brazil'}",IFBB Pro,"[""Men's Classic Physique""]",open,Tamer El Guindy,,2025
musclecontest_vietnam_pro,2025 MUSCLECONTEST VIETNAM PRO,musclecontest_vietnam,,01.11.2025,01.11.2025,"{'city': 'Ho Chi Minh City', 'state': '', 'country': 'Vietnam'}",IFBB Pro,"[""Women's Wellness""]",open,Tamer El Guindy,,2025
nevada_state_championships,2025 NEVADA STATE PRO,nevada_state_pro,https://www.ifbbpro.com/competition/2025-nevada-state-championships/,14.06.2025,14.06.2025,"{'city': 'Las Vegas', 'state': 'NV', 'country': 'United States'}",IFBB Pro,"[""Women's Bikini""]",open,Tamer El Guindy,,2025
new_york_pro,2025 NEW YORK PRO,new_york_pro,https://www.ifbbpro.com/competition/2025-new-york-pro/,17.05.2025,17.05.2025,"{'city': 'Teaneck', 'state': 'NJ', 'country': 'United States'}",IFBB Pro,"[""Men's Bodybuilding"", ""Women's Bikini"", ""Women's Wellness"", ""Women's Figure"", ""Women's Physique"", ""Men's 212 Bodybuilding"", ""Women's Bodybuilding"", ""Men's Classic Physique"", ""Men's Physique""]",open,Steve Weinberger,,2025
new_zealand_pro,2025 NEW ZEALAND PRO,new_zealand_pro,,02.11.2025,02.11.2025,"{'city': 'Palmerston', 'state': '', 'country': 'New Zealand'}",IFBB Pro,"[""Women's Bikini""]",open,Moe Elmoussawi,,2025
oklahoma_classic_pro_am,2025 OKLAHOMA PRO,oklahoma_classic_pro,https://www.ifbbpro.com/competition/2025-oklahoma-classic-pro-am/,07.06.2025,07.06.2025,"{'city': 'Tulsa', 'state': 'OK', 'country': 'United States'}",IFBB Pro,"[""Men's Classic Physique""]",open,Eileen Calabrese,,2025
oklahoma_showdown_of_champions_pro,2025 OKLAHOMA SHOWDOWN OF CHAMPIONS PRO,oklahoma_showdown_of_champions,https://www.ifbbpro.com/competition/2025-oklahoma-showdown-of-champions-pro/,,,"{'city': 'Tulsa', 'state': 'OK', 'country': 'United States'}",IFBB Pro,"[""Women's Fitness""]",open,Eileen Calabrese,,2025
omaha_pro,2025 OMAHA PRO,omaha_pro,https://www.ifbbpro.com/competition/2025-omaha-pro/,07.06.2025,07.06.2025,"{'city': 'Omaha', 'state': 'NE', 'country': 'United States'}",IFBB Pro,"[""Women's Physique""]",open,Jack Titone,,2025
optimum_classic_championships,2025 OPTIMUM CLASSIC PRO,optimum_classic_pro,https://www.ifbbpro.com/competition/2025-optimum-classic-championships/,24.05.2025,24.05.2025,"{'city': 'Shreveport', 'state': 'LA', 'country': 'United States'}",IFBB Pro,"[""Women's Bikini"", ""Women's Wellness"", ""Women's Figure"", ""Women's Physique"", ""Men's Classic Physique"", ""Men's Physique""]",open,Robert Blount,,2025
pacific_usa_xxxi,2025 PACIFIC USA XXXI,pacific_usa_xxx_pro,,09.08.2025,09.08.2025,"{'city': 'San Diego', 'state': 'CA', 'country': 'United States'}",IFBB Pro,"[""Men's Physique""]",open,Tamer El Guindy,,2025
mexico_grand_battle_pro_am,2025 MEXICO GRAND BATTLE PRO/AM,pharlabs_mexico_grand_battle,https://www.ifbbpro.com/competition/2025-mexico-grand-battle-pro-am/,16.08.2025,17.08.2025,"{'city': 'Monterrey', 'state': '', 'country': 'Mexico'}",IFBB Pro,"[""Women's Bikini"", ""Men's Physique""]",open,M&M Promotions,,2025
pharlabs_mexico_pro_am,2025 PHARLABS MEXICO PRO/AM,pharlabs_mexico_grand_battle,https://www.ifbbpro.com/competition/2025-pharlabs-mexico-pro-am/,18.10.2025,19.10.2025,"{'city': 'Cuidad de Mexico', 'state': '', 'country': 'Mexico'}",IFBB Pro,"[""Men's Bodybuilding"", ""Women's Bikini"", ""Women's Wellness"", ""Women's Figure"", ""Women's Physique"", ""Men's 212 Bodybuilding"", ""Men's Classic Physique"", ""Men's Physique""]",open,Slawomir Porowski & Patricia Pavon,,2025
pittsburgh_power_fitness_festival,2025 PITTSBURGH POWER & FITNESS FESTIVAL,pittsburgh_pro,https://www.ifbbpro.com/competition/2025-pittsburgh-power-fitness-festival/,10.05.2025,11.05.2025,"{'city': '', 'state': '', 'country': 'Pittsburgh. PA'}",IFBB Pro,"[""Men's Bodybuilding"", ""Women's Bikini"", ""Women's Wellness"", ""Women's Figure"", ""Women's Physique"", ""Men's Classic Physique"", ""Men's Physique""]",open,Jim Manion,,2025
promuscle_italy_pro,2025 PROMUSCLE ITALY PRO,promuscle_italy_pro,https://www.ifbbpro.com/competition/2025-promuscle-italy-pro/,07.09.2025,07.09.2025,"{'city': 'Milan', 'state': '', 'country': 'Italy'}",IFBB Pro,"[""Men's Bodybuilding"", ""Women's Bikini"", ""Women's Wellness""]",open,Barbara Bagnuolo,,2025
republic_of_texas_pro,2025 REPUBLIC OF TEXAS PRO,republic_of_texas_pro,https://www.ifbbpro.com/competition/2025-republic-of-texas-pro/,12.07.2025,12.07.2025,"{'city': 'Austin', 'state': 'TX', 'country': 'United States'}",IFBB Pro,"[""Women's Bikini"", ""Women's Wellness"", ""Men's Physique""]",open,Helio Chapuseaux | Bernadette Galvan,,2025
rgv_pro,2025 RGV PRO,rgv_classic,https://www.ifbbpro.com/competition/2025-rgv-pro/,30.08.2025,30.08.2025,"{'city': 'McAllen', 'state': 'TX', 'country': 'United States'}",IFBB Pro,"[""Men's Classic Physique"", ""Women's Wellness"", ""Women's Bikini"", ""Men's Physique""]",open,Helio Chapuseaux | Bernadette Galvan,,2025
romania_muscle_fest_pro_am,2025 ROMANIA MUSCLE FEST PRO,romania_muscle_fest,https://www.ifbbpro.com/competition/2025-romania-muscle-fest-pro-am/,08.11.2025,09.11.2025,"{'city': 'Bucharest', 'state': '', 'country': 'Romania'}",IFBB Pro,"[""Men's Bodybuilding"", ""Women's Bikini"", ""Women's Wellness"", ""Women's Figure"", ""Women's Physique"", ""Men's 212 Bodybuilding"", ""Women's Bodybuilding"", ""Men's Classic Physique"", ""Men's Physique""]",open,Wings of Strength,,2025
sampson_showdown,2025 SAMPSON SHOWDOWN PRO,sampson_showdown,https://www.ifbbpro.com/competition/2025-sampson-showdown/,29.03.2025,29.03.2025,"{'city': 'Las Vegas', 'state': 'NV', 'country': 'United States'}",IFBB Pro,"[""Women's Wellness""]",open,Patrick Sampson,,2025
san_antonio_pro,2025 SAN ANTONIO PRO,san_antonio_pro,https://www.ifbbpro.com/competition/2025-san-antonio-pro/,20.09.2025,20.09.2025,"{'city': 'San Antonio', 'state': 'TX', 'country': 'United States'}",IFBB Pro,"[""Men's Classic Physique"", ""Women's Bikini"", ""Men's Physique"", ""Women's Figure""]",open,Tim Gardner,,2025
san_diego_championships,2025 SAN DIEGO PRO,san_diego_championships,https://www.ifbbpro.com/competition/2025-san-diego-championships/,08.03.2025,08.03.2025,"{'city': 'San Diego', 'state': 'CA', 'country': 'United States'}",IFBB Pro,"[""Women's Bikini""]",open,Tamer El Guindy,,2025
santo_cruz_pro,SANTO CRUZ PRO,santo_cruz_pro,,23.08.2025,23.08.2025,"{'city': 'Santa Cruz', 'state': 'CA', 'country': 'United States'}",IFBB Pro,"[""Men's Physique""]",open,Ted Williamson,,2025
sasquatch_pro,2025 SASQUATCH PRO,sasquatch_pro,https://www.ifbbpro.com/competition/2025-sasquatch-pro/,20.09.2025,20.09.2025,"{'city': 'Federal Way', 'state': 'WA', 'country': 'United States'}",IFBB Pro,"[""Women's Figure"", ""Women's Bikini"", ""Men's Physique""]",open,Michelle Mayberry | Chris Algeo,,2025
shawn_rays_hawaiian_classic_pro,2025 SHAWN RAY'S HAWAIIAN CLASSIC PRO,shawn_rays_hawaiian_classic,,08.11.2025,08.11.2025,"{'city': 'Honolulu', 'state': 'HI', 'country': 'United States'}",IFBB Pro,"[""Men's Classic Physique"", ""Women's Bikini""]",open,Shawn Ray,,2025
sheru_classic_bharat_pro_show,2025 SHERU CLASSIC BHARAT PRO SHOW,sheru_classic_india,https://www.ifbbpro.com/competition/2025-sheru-classic-bharat-pro-show/,30.05.2025,01.06.2025,"{'city': 'Delhi', 'state': '', 'country': 'India'}",IFBB Pro,"[""Men's Classic Physique"", ""Men's Physique""]",open,Sheru Aangrish,,2025
sin_city_showdown_pro,2025 SIN CITY SHOWDOWN PRO,sin_city_showdown,,23.08.2025,23.08.2025,"{'city': 'Las Vegas', 'state': 'NV', 'country': 'United States'}",IFBB Pro,"[""Women's Wellness""]",open,Tamer El Guindy,,2025
south_florida_pro,2025 SOUTH FLORIDA PRO,south_florida_pro,https://www.ifbbpro.com/competition/2025-south-florida-pro/,21.06.2025,21.06.2025,"{'city': 'Boca Raton', 'state': 'FL', 'country': 'United States'}",IFBB Pro,"[""Men's 212 Bodybuilding""]",open,John Hnatyschak,,2025
southern_california_championships,2025 SOUTHERN CALIFORNIA PRO,southern_california_pro,https://www.ifbbpro.com/competition/2025-southern-california-championships/,07.06.2025,07.06.2025,"{'city': 'San Diego', 'state': 'CA', 'country': 'United States'}",IFBB Pro,"[""Women's Wellness""]",open,Tamer El Guindy,,2025
southern_muscle_showdown_pro,2025 SOUTHERN MUSCLE SHOWDOWN PRO,southern_muscle_showdown,https://www.ifbbpro.com/competition/2025-southern-muscle-showdown-pro/,04.10.2025,04.10.2025,"{'city': 'Dalton', 'state': 'GA', 'country': 'United States'}",IFBB Pro,"[""Men's Classic Physique"", ""Women's Bikini""]",open,Steve Payne,,2025
california_supplement_spain_pro,2025 CALIFORNIA SUPPLEMENT SPAIN PRO,spain_california_supplements_pro,https://www.ifbbpro.com/competition/2025-california-supplement-spain-pro/,04.05.2025,04.05.2025,"{'city': 'Alicante', 'state': '', 'country': 'Spain'}",IFBB Pro,"[""Men's Classic Physique"", ""Women's Bikini""]",open,Emilio Martinez,,2025
empro_classic,2025 EMPRO CLASSIC,spain_empro_classic,https://www.ifbbpro.com/competition/2025-empro-classic/,15.06.2025,15.06.2025,"{'city': 'Alicante', 'state': '', 'country': 'Spain'}",IFBB Pro,"[""Men's Bodybuilding"", ""Women's Bikini"", ""Women's Wellness"", ""Women's Figure"", ""Women's Physique"", ""Women's Bodybuilding"", ""Men's Classic Physique"", ""Men's Wheelchair"", ""Men's Physique""]",open,Emilio Martinez,,2025
spanish_grand_prix_pro,2025 SPANISH GRAND PRIX PRO,spanish_grand_prix,https://www.ifbbpro.com/competition/2025-spanish-grand-prix-pro/,23.11.2025,23.11.2025,"{'city': 'Madrid', 'state': '', 'country': 'Spain'}",IFBB Pro,"[""Men's Classic Physique"", ""Women's Wellness"", ""Women's Bikini"", ""Men's Physique""]",open,Gabriel Opare,,2025
st_louis_pro,2025 ST. LOUIS PRO,st_louis_pro,https://www.ifbbpro.com/competition/2025-st-louis-pro/,19.04.2025,19.04.2025,"{'city': 'St. Louis', 'state': 'MO', 'country': 'United States'}",IFBB Pro,"[""Women's Wellness"", ""Men's Physique""]",open,Jack Titone,,2025
st_pete_pro,2025 ST. PETE PRO,st_pete_pro,https://www.ifbbpro.com/competition/2025-st-pete-pro/,28.06.2025,28.06.2025,"{'city': 'St. Petersburg', 'state': 'FL', 'country': 'United States'}",IFBB Pro,"[""Men's Physique""]",open,David Herskovitz,,2025
steve_karr_las_vegas_classic_pro,2025 STEVE KARR LAS VEGAS CLASSIC PRO,steve_karr_las_vegas_classic,,08.11.2025,08.11.2025,"{'city': 'Las Vegas', 'state': 'NV', 'country': 'United States'}",IFBB Pro,"[""Men's Classic Physique""]",open,Austin Karr,,2025
tahoe_show,2025 TAHOE PRO SHOW,tahoe_show,https://www.ifbbpro.com/competition/2025-tahoe-show/,09.08.2025,09.08.2025,"{'city': 'Stateline', 'state': 'NV', 'country': 'United States'}",IFBB Pro,"[""Women's Bikini""]",open,Chris Minnes,,2025
taiwan_pro,2025 TAIWAN PRO,taiwan_pro,https://www.ifbbpro.com/competition/2025-taiwan-pro/,05.12.2025,07.12.2025,"{'city': '', 'state': '', 'country': 'Taiwan'}",IFBB Pro,"[""Women's Bikini"", ""Women's Wellness"", ""Women's Figure"", ""Men's 212 Bodybuilding"", ""Men's Classic Physique"", ""Men's Physique""]",open,John Chen,,2025
tampa_pro,2025 TAMPA PRO,tampa_pro,https://www.ifbbpro.com/competition/2025-tampa-pro/,31.07.2025,02.08.2025,"{'city': 'Tampa', 'state': 'FL', 'country': 'United States'}",IFBB Pro,"[""Men's Bodybuilding"", ""Women's Bikini"", ""Women's Figure"", ""Women's Physique"", ""Men's 212 Bodybuilding"", ""Women's Bodybuilding"", ""Men's Classic Physique"", ""Men's Physique""]",open,Tim Gardner,,2025
tanji_johnson_classic,2025 TANJI JOHNSON CLASSIC PRO,tanji_johnson_classic,https://www.ifbbpro.com/competition/2025-tanji-johnson-classic/,21.06.2025,21.06.2025,"{'city': 'Tacoma', 'state': 'WA', 'country': 'United States'}",IFBB Pro,"[""Women's Wellness""]",open,Tanji Johnson-Bridgeman,,2025
texas_pro,2025 TEXAS PRO,texas_pro,https://www.ifbbpro.com/competition/2025-texas-pro/,08.08.2025,09.08.2025,"{'city': 'Irving', 'state': 'TX', 'country': 'United States'}",IFBB Pro,"[""Men's Bodybuilding"", ""Women's Bikini"", ""Women's Wellness"", ""Women's Figure"", ""Women's Physique"", ""Men's 212 Bodybuilding"", ""Men's Classic Physique"", ""Men's Wheelchair"", ""Men's Physique""]",open,Freddy Naidu | Sheilahe Brown,,2025
texas_state_pro,2025 TEXAS STATE PRO,texas_state_pro,,08.11.2025,08.11.2025,"{'city': 'San Marcos', 'state': 'TX', 'country': 'United States'}",IFBB Pro,"[""Men's Classic Physique"", ""Women's Figure""]",open,Helio Chapuseaux | Bernadette Galvan,,2025
thailand_pro,2025 THAILAND PRO,thailand_pro,https://www.ifbbpro.com/competition/2025-thailand-pro/,07.06.2025,07.06.2025,"{'city': 'Pattaya', 'state': '', 'country': 'Thailand'}",IFBB Pro,"[""Men's Physique""]",open,Moe Elmoussawi,,2025
titans_grand_prix_pro,2025 TITANS GRAND PRIX PRO,titans_grand_prix,,20.09.2025,20.09.2025,"{'city': 'Anaheim', 'state': 'CA', 'country': 'United States'}",IFBB Pro,"[""Women's Bodybuilding""]",open,Tamer El Guindy,,2025
tokyo_pro_supershow,2025 TOKYO PRO,tokyo_pro_supershow,https://www.ifbbpro.com/competition/2025-tokyo-pro-supershow/,11.08.2025,11.08.2025,"{'city': 'Tokyo', 'state': '', 'country': 'Japan'}",IFBB Pro,"[""Men's Classic Physique"", ""Women's Bikini"", ""Men's Physique""]",open,Takayuki Shoji,,2025
toronto_pro_supershow,2025 TORONTO PRO SUPERSHOW,toronto_pro_supershow,https://www.ifbbpro.com/competition/2025-toronto-pro-supershow/,08.06.2025,08.06.2025,"{'city': 'Toronto', 'state': '', 'country': 'Canada'}",IFBB Pro,"[""Men's Bodybuilding"", ""Women's Bikini"", ""Women's Wellness"", ""Women's Figure"", ""Women's Physique"", ""Men's 212 Bodybuilding"", ""Women's Bodybuilding"", ""Men's Classic Physique"", ""Men's Wheelchair"", ""Men's Physique""]",open,Ron Hache,,2025
tournament_of_champions_pro,2025 TOURNAMENT OF CHAMPIONS PRO,tournament_of_champions_pro,,27.09.2025,27.09.2025,"{'city': 'San Diego', 'state': 'CA', 'country': 'United States'}",IFBB Pro,"[""Men's Classic Physique""]",open,Tamer El Guindy,,2025
tri_city_classic_pro_am,2025 TRI-CITY CLASSIC PRO,tri_city_classic,https://www.ifbbpro.com/competition/2025-tri-city-classic-pro-am/,05.04.2025,05.04.2025,"{'city': 'Columbus', 'state': 'GA', 'country': 'United States'}",IFBB Pro,"[""Men's Classic Physique"", ""Men's Physique"", ""Women's Figure""]",open,Roland Huff,,2025
triple_o_dynasty,2025 TRIPLE O DYNASTY PRO,triple_o_dynasty,https://www.ifbbpro.com/competition/2025-triple-o-dynasty/,05.04.2025,05.04.2025,"{'city': 'Mesa', 'state': 'AZ', 'country': 'United States'}",IFBB Pro,"[""Women's Figure"", ""Women's Bodybuilding""]",open,Cydney Gillon,,2025
tsunami_nutrition_showdown_france_pro,2025 TSUNAMI NUTRITION SHOWDOWN FRANCE PRO,tsunami_nutrition_showdown,https://www.ifbbpro.com/competition/2025-tsunami-nutrition-showdown-france-pro/,27.09.2025,27.09.2025,"{'city': 'Lille', 'state': '', 'country': 'France'}",IFBB Pro,"[""Men's Bodybuilding"", ""Men's Classic Physique"", ""Women's Bikini""]",open,Ron Hache,,2025
tupelo_pro,2025 TUPELO PRO,tupelo_pro,https://www.ifbbpro.com/competition/2025-tupelo-pro/,08.08.2025,09.08.2025,"{'city': 'Tupelo', 'state': 'MS', 'country': 'United States'}",IFBB Pro,"[""Men's Classic Physique"", ""Women's Physique"", ""Women's Wellness"", ""Women's Figure""]",open,Judy Gaillard,,2025
uk_pro,2025 UK PRO,uk_pro,,19.07.2025,20.07.2025,"{'city': '', 'state': '', 'country': 'United Kingdom'}",IFBB Pro,"[""Men's Physique""]",open,2 Bros Pros,,2025
utah_cup,2025 UTAH CUP PRO,utah_cup,https://www.ifbbpro.com/competition/2025-utah-cup/,05.04.2025,05.04.2025,"{'city': 'Holladay', 'state': 'UT', 'country': 'United States'}",IFBB Pro,"[""Men's Classic Physique""]",open,Steve Schmall,,2025
vancouver_island_showdown_pro,2025 VANCOUVER ISLAND SHOWDOWN PRO,vancouver_island_showdown,https://www.ifbbpro.com/competition/2025-vancouver-island-showdown-pro/,19.04.2025,19.04.2025,"{'city': 'Victoria', 'state': '', 'country': 'Canada'}",IFBB Pro,"[""Women's Physique"", ""Women's Wellness"", ""Women's Bodybuilding""]",open,Corey Swiergosz,,2025
van_pro_am,2025 VAN PRO/AM,vancouver_pro,https://www.ifbbpro.com/competition/2025-van-pro-am/,27.07.2025,27.07.2025,"{'city': 'Richmond', 'state': '', 'country': 'Canada'}",IFBB Pro,"[""Men's Classic Physique"", ""Women's Bikini"", ""Men's Physique""]",open,Michelle Krack,,2025
wasatch_warrior,2025 WASATCH WARRIOR PRO,wasatch_warrior,https://www.ifbbpro.com/competition/2025-wasatch-warrior/,26.04.2025,26.04.2025,"{'city': 'Salt Lake city', 'state': 'UT', 'country': 'United States'}",IFBB Pro,"[""Women's Bikini"", ""Men's Physique""]",open,Robyn Maher,,2025
world_classic_2,2025 WORLD CLASSIC BIKINI PRO,world_classic_pro_bikini,https://www.ifbbpro.com/competition/2025-world-classic-2/,21.06.2025,21.06.2025,"{'city': 'Chattanooga', 'state': 'TN', 'country': 'United States'}",IFBB Pro,"[""Women's Bikini""]",open,Sandy Williamson | Robin Chang | Doug Green,,2025
20205_world_classic,2025 WORLD CLASSIC MEN'S PHYSIQUE PRO,world_classic_pro_mens_physique,https://www.ifbbpro.com/competition/20205-world-classic/,20.06.2025,20.06.2025,"{'city': 'Chattanooga', 'state': 'TN', 'country': 'United States'}",IFBB Pro,"[""Men's Physique""]",open,Sandy Williamson | Robin Chang | Doug Green,,2025
zhanna_rotar_classic_pro,2025 ZHANNA ROTAR CLASSIC PRO,zhanna_rotar_pro,,12.07.2025,12.07.2025,"{'city': 'Las Vegas', 'state': 'NV', 'country': 'United States'}",IFBB Pro,"[""Women's Figure""]",open,Tamer El Guindy,,2025
